U+4E00/,1768
U+4E91/,1766
U+4E8B/,1674
U+4EBA/,1575
U+53C8/,1451
U+5165/,1259
U+7269/,1199
U+51FA/,1121
U+898B/,1066
U+5927/,1052
U+5B50/,1033
U+6B64/,1019
U+5176/,1002
U+4E5F/,997
U+65E5/,920
U+5C0F/,898
U+65B9/,870
U+4E0A/,865
U+662F/,820
U+4E09/,793
U+4E2D/,789
U+4F55/,728
U+5019/,723
U+5973/,721
U+56FD/,678
U+4E8C/,668
U+6642/,667
U+4ECA/,663
U+5FA1/,637
U+6709/,627
U+6240/,625
U+5FC3/,614
U+524D/,592
U+5408/,583
U+6C34/,578
U+8EAB/,552
U+4E94/,550
U+5C71/,546
U+5341/,537
U+540C/,529
U+6C41/,527
U+7D66/,524
U+624B/,522
U+8695/,520
U+7ACB/,520
U+69D8/,509
U+4E4B/,504
U+4E0B/,499
U+5409/,491
U+4E16/,486
U+8A00/,481
U+7533/,464
U+4ED5/,459
U+6708/,444
U+56DB/,437
U+9152/,433
U+540D/,431
U+751F/,427
U+6771/,421
U+5DDE/,420
U+5F8C/,416
U+53E3/,411
U+516D/,403
U+6C5F/,395
U+6728/,390
U+98A8/,389
U+5BB6/,388
U+82B1/,387
U+591C/,386
U+601D/,384
U+5C45/,384
U+6625/,381
U+53F3/,380
U+767D/,376
U+6238/,376
U+8272/,372
U+53D6/,372
U+5206/,363
U+5185/,353
U+9CE5/,352
U+805E/,345
U+5E74/,333
U+592B/,331
U+76EE/,329
U+5473/,326
U+897F/,319
U+5F15/,316
U+8449/,315
U+7F6E/,315
U+548C/,314
U+5207/,312
U+6CBB/,308
U+8336/,304
U+6851/,294
U+4ED8/,286
U+9B5A/,276
U+9053/,276
U+9593/,274
U+5C4B/,272
U+5916/,268
U+98DF/,263
U+91D1/,263
U+884C/,263
U+7D19/,263
U+5929/,263
U+7528/,262
U+91CE/,261
U+4F86/,260
U+53CA/,257
U+516B/,257
U+4E03/,256
U+795E/,253
U+672C/,253
U+5DE6/,252
U+570B/,248
U+9577/,245
U+6210/,244
U+7A0B/,243
U+7A2E/,242
U+716E/,242
U+6211/,241
U+6765/,235
U+7537/,233
U+571F/,232
U+7406/,230
U+4E0D/,228
U+66F8/,227
U+8005/,225
U+5869/,225
U+4EAC/,222
U+6C17/,221
U+592A/,220
U+90E8/,218
U+79C1/,218
U+5E73/,213
U+53E4/,213
U+901A/,211
U+713C/,211
U+8349/,210
U+90CE/,208
U+4F5C/,208
U+7B2C/,205
U+5C11/,205
U+8A9E/,204
U+7389/,204
U+706B/,203
U+660E/,200
U+6216/,199
U+7530/,198
U+5375/,197
U+714E/,196
U+5F37/,196
U+5DDD/,196
U+591A/,194
U+6839/,190
U+9580/,187
U+8C46/,187
U+61F8/,186
U+7DCF/,185
U+8D8A/,184
U+5730/,184
U+6E6F/,182
U+6C23/,181
U+81EA/,177
U+80FD/,176
U+677E/,176
U+6F2C/,174
U+6D77/,174
U+547C/,172
U+76BF/,171
U+8FD1/,170
U+6CD5/,170
U+5F80/,169
U+5F62/,169
U+5EA6/,168
U+77E5/,167
U+4E5D/,166
U+6545/,163
U+95A2/,162
U+5148/,162
U+52A0/,161
U+4F8D/,161
U+5171/,160
U+8A5E/,159
U+60AA/,159
U+5965/,159
U+9AD8/,158
U+9063/,157
U+985E/,155
U+7AF9/,155
U+5175/,155
U+8FBA/,154
U+5EA7/,153
U+6A23/,152
U+521D/,152
U+5F97/,150
U+5E38/,150
U+7C89/,148
U+5982/,147
U+6587/,146
U+9752/,145
U+8DB3/,145
U+91CC/,143
U+623F/,143
U+5F7C/,143
U+7FA9/,142
U+83DC/,140
U+4EE5/,140
U+7B11/,139
U+5DFB/,139
U+6B66/,138
U+96E8/,137
U+8584/,137
U+8001/,137
U+5E2B/,137
U+6268/,135
U+5BF8/,135
U+564C/,135
U+4ECB/,135
U+90FD/,134
U+7C73/,133
U+6CB9/,133
U+5B9F/,133
U+5225/,133
U+89AA/,132
U+76F8/,132
U+6599/,132
U+6577/,132
U+5357/,132
U+4EE3/,132
U+7136/,131
U+671D/,131
U+5C3E/,131
U+52DD/,131
U+4F46/,131
U+82E5/,130
U+5BBF/,130
U+9060/,129
U+6B21/,129
U+990A/,128
U+60C5/,128
U+4E07/,127
U+904E/,126
U+6368/,125
U+99AC/,124
U+9905/,124
U+753A/,124
U+4FE1/,124
U+4E3B/,124
U+97F3/,123
U+8D77/,123
U+6B63/,123
U+8179/,122
U+7740/,122
U+4F0A/,122
U+757F/,121
U+5343/,121
U+52E2/,121
U+98EF/,120
U+96EA/,120
U+8863/,120
U+7236/,120
U+7121/,120
U+9762/,119
U+4F50/,119
U+89D2/,118
U+7B49/,118
U+6D25/,118
U+79CB/,117
U+767E/,117
U+5347/,117
U+79F0/,115
U+76DB/,114
U+6885/,114
U+81B3/,113
U+7D30/,113
U+66FF/,113
U+5150/,113
U+96F2/,112
U+53BB/,112
U+4F3C/,112
U+9ED2/,111
U+8D64/,111
U+6BCD/,111
U+5F35/,111
U+541B/,110
U+5411/,110
U+9999/,109
U+8DE1/,109
U+8338/,109
U+77F3/,109
U+5E72/,109
U+91CD/,108
U+7CF8/,108
U+55B0/,108
U+885E/,107
U+6301/,107
U+610F/,107
U+547D/,107
U+7FBD/,106
U+6298/,106
U+5742/,106
U+534A/,106
U+6BB5/,105
U+5D8B/,105
U+6D41/,104
U+76F4/,103
U+54C1/,102
U+7D42/,101
U+65B0/,101
U+81FA/,100
U+80B4/,100
U+6B7B/,100
U+5B57/,100
U+6597/,99
U+76AE/,98
U+4E45/,98
U+5BD2/,97
U+5B9A/,97
U+75C5/,96
U+6309/,96
U+6253/,96
U+7570/,95
U+5438/,95
U+9EC4/,94
U+5E03/,94
U+4E21/,94
U+9162/,93
U+8CC0/,93
U+843D/,93
U+6CB3/,93
U+5F85/,93
U+590F/,93
U+539F/,93
U+4FD7/,93
U+982D/,92
U+725B/,92
U+59BB/,92
U+9BDB/,91
U+9262/,91
U+8AF8/,91
U+56F3/,91
U+9055/,90
U+6570/,90
U+53EA/,90
U+9B3C/,89
U+6DF1/,89
U+6307/,89
U+5C0B/,89
U+904A/,88
U+76C3/,88
U+6749/,88
U+5B88/,88
U+9803/,87
U+8AAC/,87
U+6E05/,87
U+5BFA/,87
U+7230/,86
U+696D/,86
U+672B/,86
U+5439/,85
U+4F4F/,85
U+8089/,84
U+5317/,84
U+4E38/,84
U+9678/,83
U+7E01/,83
U+66AE/,83
U+5A66/,83
U+9032/,82
U+8C9D/,82
U+6A4B/,82
U+5BE2/,82
U+4ED6/,82
U+6B73/,81
U+5510/,81
U+54E5/,81
U+8DEF/,80
U+8072/,80
U+7F8E/,80
U+6BD4/,80
U+5922/,80
U+58F1/,80
U+845B/,79
U+7BB1/,78
U+6FC3/,78
U+58F0/,78
U+4ED9/,78
U+8896/,77
U+771F/,77
U+738B/,77
U+5E30/,77
U+58EB/,77
U+5668/,77
U+51AC/,77
U+5177/,77
U+9918/,76
U+8A70/,76
U+8A08/,76
U+82E6/,76
U+7D50/,76
U+7D44/,76
U+96C4/,75
U+7BC0/,75
U+66F4/,75
U+65AF/,75
U+5915/,75
U+51E6/,75
U+5143/,75
U+8FBC/,74
U+7565/,74
U+611B/,74
U+4F5B/,74
U+9E7F/,73
U+8A18/,73
U+866B/,73
U+83D3/,73
U+732A/,73
U+723A/,73
U+6795/,73
U+5DF1/,73
U+597D/,73
U+98FC/,72
U+9732/,72
U+96C6/,72
U+6C11/,72
U+6BD2/,72
U+934B/,71
U+8AB0/,71
U+85A9/,71
U+80E1/,71
U+80A5/,71
U+65E9/,71
U+59CB/,71
U+96E3/,70
U+7686/,70
U+8CB4/,69
U+8A60/,69
U+7FC1/,69
U+5C24/,69
U+51B7/,69
U+50E7/,69
U+9670/,68
U+8FC4/,68
U+7688/,68
U+6CE2/,68
U+62BC/,68
U+5D0E/,68
U+5B89/,68
U+5229/,68
U+9CF4/,67
U+9023/,67
U+7D05/,67
U+679C/,67
U+5BC4/,67
U+54C9/,67
U+7DE8/,66
U+7523/,66
U+52A9/,66
U+9EA6/,65
U+6C0F/,64
U+6027/,64
U+9996/,63
U+6E21/,63
U+679D/,63
U+663C/,63
U+53EF/,63
U+9D28/,62
U+81F3/,62
U+7D2B/,62
U+74DC/,62
U+6B4C/,62
U+5584/,62
U+8CAB/,61
U+828B/,61
U+6848/,61
U+6200/,61
U+5F1F/,61
U+5B9C/,61
U+5949/,61
U+5200/,61
U+4E39/,61
U+9280/,60
U+821F/,60
U+7E54/,60
U+7DBF/,60
U+6EDD/,60
U+5BA2/,60
U+4E95/,60
U+7CBE/,59
U+677F/,59
U+6469/,59
U+60B2/,59
U+5FF5/,59
U+5FD7/,59
U+5A18/,59
U+554F/,59
U+5316/,59
U+4FBF/,59
U+8EE2/,58
U+8A71/,58
U+7802/,58
U+773C/,58
U+7247/,58
U+70BA/,58
U+6D17/,58
U+6CEA/,58
U+6CA2/,58
U+6900/,58
U+65E6/,58
U+5728/,58
U+80F8/,57
U+6912/,57
U+543E/,57
U+8FD4/,56
U+8033/,56
U+7576/,56
U+7336/,56
U+6B5F/,56
U+8AA0/,55
U+6614/,55
U+5FB3/,55
U+5BAE/,55
U+50B3/,55
U+9AEE/,54
U+9AEA/,54
U+967D/,54
U+8C50/,54
U+5F53/,54
U+5974/,54
U+53C2/,54
U+4F4D/,54
U+9BC9/,53
U+8C37/,53
U+84CB/,53
U+800C/,53
U+7B51/,53
U+79D8/,53
U+6D6E/,53
U+6BBF/,53
U+67D3/,53
U+56E0/,53
U+90A3/,52
U+7CD6/,52
U+7A7A/,52
U+732E/,52
U+5B85/,52
U+59C9/,52
U+5449/,52
U+91A4/,51
U+8CE3/,51
U+6B78/,51
U+67DA/,51
U+5EFF/,51
U+5EFB/,51
U+5C3A/,51
U+53EC/,51
U+5099/,51
U+92AD/,50
U+8A33/,50
U+7FCC/,50
U+6CE3/,50
U+6876/,50
U+53F0/,50
U+539A/,50
U+523B/,50
U+5168/,50
U+4E01/,50
U+9C60/,49
U+98DB/,49
U+968E/,49
U+8EFD/,49
U+8AC7/,49
U+85AC/,49
U+8239/,49
U+65C5/,49
U+62F5/,49
U+6025/,49
U+5BCC/,49
U+59FF/,49
U+5484/,49
U+4E86/,49
U+9F20/,48
U+99FF/,48
U+9858/,48
U+8A63/,48
U+8170/,48
U+6C38/,48
U+606F/,48
U+975E/,47
U+9644/,47
U+9022/,47
U+89E3/,47
U+7E6D/,47
U+6BCE/,47
U+6B8B/,47
U+5EAD/,47
U+9F3B/,46
U+983C/,46
U+96B1/,46
U+9662/,46
U+899A/,46
U+84EE/,46
U+7B46/,46
U+7A74/,46
U+63DA/,46
U+5FC5/,46
U+57CE/,46
U+9AA8/,45
U+90F7/,45
U+907A/,45
U+8352/,45
U+7D00/,45
U+793C/,45
U+6D88/,45
U+6BDB/,45
U+6B4E/,45
U+5E8A/,45
U+968F/,44
U+8CB7/,44
U+885B/,44
U+8836/,44
U+826F/,44
U+7F6A/,44
U+7AEF/,44
U+7A4D/,44
U+795D/,44
U+6B98/,44
U+6B69/,44
U+5FD8/,44
U+5F10/,44
U+5BD0/,44
U+51E1/,44
U+5149/,44
U+8DA3/,43
U+89BA/,43
U+7BB8/,43
U+7531/,43
U+670D/,43
U+6700/,43
U+6559/,43
U+6050/,43
U+5F71/,43
U+516C/,43
U+8C4A/,42
U+84B8/,42
U+7C60/,42
U+6F22/,42
U+6E1B/,42
U+672A/,42
U+653E/,42
U+5E36/,42
U+529B/,42
U+5247/,42
U+4F1D/,42
U+9EB8/,41
U+984F/,41
U+971C/,41
U+9001/,41
U+6B8A/,41
U+679A/,41
U+5C3D/,41
U+517C/,41
U+5144/,41
U+4F7F/,41
U+4F59/,41
U+4F11/,41
U+9B92/,40
U+8208/,40
U+7D72/,40
U+7D04/,40
U+771E/,40
U+7532/,40
U+706F/,40
U+6B62/,40
U+6975/,40
U+6696/,40
U+62FE/,40
U+5C3B/,40
U+4F8B/,40
U+9EBB/,39
U+8ECA/,39
U+8AD6/,39
U+82BD/,39
U+7D0D/,39
U+7B54/,39
U+7897/,39
U+68DA/,39
U+6751/,39
U+60DC/,39
U+4F0F/,39
U+4EC1/,39
U+4E9B/,39
U+4453/,39
U+9020/,38
U+8D70/,38
U+8ACB/,38
U+7D93/,38
U+7687/,38
U+67F3/,38
U+639B/,38
U+53E5/,38
U+4EAD/,38
U+99B4/,37
U+88CF/,37
U+81E3/,37
U+8003/,37
U+793E/,37
U+7720/,37
U+7683/,37
U+7559/,37
U+64AD/,37
U+5E95/,37
U+5CA9/,37
U+5BB5/,37
U+5B87/,37
U+5B63/,37
U+5426/,37
U+52B4/,37
U+5236/,37
U+4E5E/,37
U+8F29/,36
U+85CF/,36
U+83CA/,36
U+756A/,36
U+6E29/,36
U+6CC9/,36
U+675F/,36
U+618E/,36
U+574A/,36
U+9854/,35
U+96C0/,35
U+929A/,35
U+91E3/,35
U+8CCA/,35
U+8535/,35
U+80CC/,35
U+7BED/,35
U+7B4B/,35
U+73CD/,35
U+6D6A/,35
U+6D45/,35
U+6C37/,35
U+66F2/,35
U+624D/,35
U+5EE3/,35
U+5E7E/,35
U+5B5D/,35
U+5301/,35
U+4EF0/,35
U+4EA4/,35
U+964D/,34
U+8CAC/,34
U+8ABF/,34
U+8846/,34
U+7F85/,34
U+7518/,34
U+72C2/,34
U+70CF/,34
U+70AD/,34
U+690E/,34
U+60E3/,34
U+5802/,34
U+5718/,34
U+53CB/,34
U+5377/,34
U+5373/,34
U+4F53/,34
U+4E26/,34
U+9650/,33
U+8FCE/,33
U+8150/,33
U+7AE5/,33
U+70B9/,33
U+6E80/,33
U+6D3B/,33
U+6065/,33
U+5909/,33
U+567A/,33
U+5009/,33
U+4E57/,33
U+914D/,32
U+8E0F/,32
U+8CA7/,32
U+8A31/,32
U+888B/,32
U+85E4/,32
U+796D/,32
U+6DFB/,32
U+6A2A/,32
U+6817/,32
U+66F0/,32
U+65E2/,32
U+63D0/,32
U+636E/,32
U+5931/,32
U+5305/,32
U+96A3/,31
U+8ED2/,31
U+81E5/,31
U+7D4C/,31
U+7B20/,31
U+6797/,31
U+6761/,31
U+6383/,31
U+61C9/,31
U+5FCD/,31
U+5BB9/,31
U+56D8/,31
U+53F8/,31
U+518D/,31
U+4E88/,31
U+4E71/,31
U+91AC/,30
U+8FFD/,30
U+8F9B/,30
U+8F2A/,30
U+88FD/,30
U+8471/,30
U+8278/,30
U+8107/,30
U+798F/,30
U+732B/,30
U+72EC/,30
U+6FF1/,30
U+6D66/,30
U+6C99/,30
U+65AD/,30
U+63C3/,30
U+627F/,30
U+5BC6/,30
U+5999/,30
U+5546/,30
U+529F/,30
U+514E/,30
U+96A0/,29
U+969C/,29
U+8FB2/,29
U+8CDE/,29
U+8A6E/,29
U+86C7/,29
U+7D76/,29
U+7D0B/,29
U+7027/,29
U+6A21/,29
U+671B/,29
U+6355/,29
U+622F/,29
U+5C0A/,29
U+5BA4/,29
U+5B58/,29
U+5967/,29
U+5947/,29
U+582A/,29
U+576A/,29
U+559C/,29
U+52E4/,29
U+5169/,29
U+5074/,29
U+501F/,29
U+4F9B/,29
U+963F/,28
U+9054/,28
U+8A69/,28
U+8868/,28
U+84B2/,28
U+820E/,28
U+7DB2/,28
U+76E1/,28
U+6DFA/,28
U+6C42/,28
U+6B32/,28
U+6247/,28
U+5E78/,28
U+5DFE/,28
U+5DE5/,28
U+5CA1/,28
U+59DC/,28
U+5800/,28
U+4E92/,28
U+4E08/,28
U+908A/,27
U+8B70/,27
U+829D/,27
U+7D79/,27
U+7A40/,27
U+7834/,27
U+76C6/,27
U+75DB/,27
U+751A/,27
U+7232/,27
U+71B1/,27
U+6E90/,27
U+6CE5/,27
U+6C5D/,27
U+647A/,27
U+59EB/,27
U+5531/,27
U+508D/,27
U+4FDD/,27
U+4F1A/,27
U+9D8F/,26
U+9694/,26
U+8A13/,26
U+868A/,26
U+7E6A/,26
U+76D7/,26
U+719F/,26
U+6CCA/,26
U+6674/,26
U+62B1/,26
U+604B/,26
U+5FFD/,26
U+5E2F/,26
U+5834/,26
U+5451/,26
U+5152/,26
U+9DF9/,25
U+9BAD/,25
U+9806/,25
U+96C1/,25
U+958B/,25
U+9332/,25
U+8CE2/,25
U+7A93/,25
U+79BF/,25
U+7070/,25
U+690D/,25
U+67F4/,25
U+661F/,25
U+6613/,25
U+60E1/,25
U+6043/,25
U+5E84/,25
U+56F0/,25
U+544A/,25
U+53D7/,25
U+4ECF/,25
U+4EA6/,25
U+4E32/,25
U+91CF/,24
U+8981/,24
U+88AB/,24
U+821E/,24
U+81BE/,24
U+808C/,24
U+7CA5/,24
U+78E8/,24
U+7709/,24
U+7368/,24
U+6DCB/,24
U+6606/,24
U+65BC/,24
U+611F/,24
U+611A/,24
U+6094/,24
U+5E96/,24
U+5E76/,24
U+5E2D/,24
U+59B9/,24
U+9E97/,23
U+9CE9/,23
U+98EE/,23
U+96D1/,23
U+8776/,23
U+8302/,23
U+7D20/,23
U+77ED/,23
U+76E4/,23
U+7591/,23
U+71D2/,23
U+711A/,23
U+6F38/,23
U+6A5F/,23
U+697D/,23
U+6691/,23
U+6575/,23
U+64B0/,23
U+61D0/,23
U+5EB5/,23
U+5E02/,23
U+5C13/,23
U+5BF6/,23
U+5B97/,23
U+5831/,23
U+57A3/,23
U+54C0/,23
U+519D/,23
U+5047/,23
U+4E0E/,23
U+9014/,22
U+8FDA/,22
U+8FBB/,22
U+8CA0/,22
U+8A73/,22
U+8A3C/,22
U+8840/,22
U+80B2/,22
U+7E04/,22
U+7A32/,22
U+754C/,22
U+722A/,22
U+7159/,22
U+685C/,22
U+683C/,22
U+63A5/,22
U+5FE0/,22
U+5F92/,22
U+5F31/,22
U+5B9B/,22
U+5B98/,22
U+5A46/,22
U+52FF/,22
U+5100/,22
U+FA55/,21
U+9813/,21
U+9664/,21
U+87F9/,21
U+820C/,21
U+81FC/,21
U+819D/,21
U+78EF/,21
U+71D5/,21
U+71C8/,21
U+71AC/,21
U+718A/,21
U+7092/,21
U+6E08/,21
U+6BBA/,21
U+6687/,21
U+6417/,21
U+6068/,21
U+5F25/,21
U+5F13/,21
U+5ACC/,21
U+59AC/,21
U+56F2/,21
U+54B2/,21
U+51F6/,21
U+4FF3/,21
U+4E80/,21
U+4E7E/,21
U+FA11/,20
U+9DB4/,20
U+9B42/,20
U+9748/,20
U+96C9/,20
U+96C5/,20
U+842C/,20
U+83EF/,20
U+8304/,20
U+8276/,20
U+7BE4/,20
U+786F/,20
U+73FE/,20
U+7167/,20
U+6D99/,20
U+6A39/,20
U+6756/,20
U+6731/,20
U+6703/,20
U+66AB/,20
U+640D/,20
U+63C9/,20
U+63A1/,20
U+632F/,20
U+629C/,20
U+60E0/,20
U+6069/,20
U+5F0F/,20
U+5DEE/,20
U+5C3C/,20
U+5C1A/,20
U+5993/,20
U+5716/,20
U+541F/,20
U+5370/,20
U+5272/,20
U+518A/,20
U+4EA1/,20
U+98E2/,19
U+95C7/,19
U+91DC/,19
U+9154/,19
U+90E1/,19
U+9019/,19
U+8FF7/,19
U+8FEF/,19
U+8CE4/,19
U+8B80/,19
U+8655/,19
U+85C1/,19
U+83E9/,19
U+82D7/,19
U+82D4/,19
U+7ADC/,19
U+79C0/,19
U+7948/,19
U+76CA/,19
U+758A/,19
U+755C/,19
U+74F6/,19
U+7345/,19
U+676F/,19
U+667A/,19
U+6295/,19
U+6234/,19
U+5FCC/,19
U+5F01/,19
U+5E61/,19
U+5E33/,19
U+5CB8/,19
U+5C0D/,19
U+5BFE/,19
U+5BB3/,19
U+58C1/,19
U+583A/,19
U+5750/,19
U+552F/,19
U+5442/,19
U+5374/,19
U+5348/,19
U+50BE/,19
U+5012/,19
U+500B/,19
U+4E3C/,19
U+4E14/,19
U+9EA5/,18
U+9B8E/,18
U+9A5A/,18
U+9632/,18
U+9418/,18
U+938C/,18
U+904B/,18
U+8CCE/,18
U+8CB0/,18
U+8CA1/,18
U+8C9E/,18
U+865A/,18
U+8494/,18
U+8377/,18
U+820A/,18
U+809D/,18
U+8056/,18
U+7FFC/,18
U+7E23/,18
U+7C21/,18
U+79AA/,18
U+767B/,18
U+7562/,18
U+6C70/,18
U+66FD/,18
U+6669/,18
U+6628/,18
U+6563/,18
U+60D1/,18
U+5F79/,18
U+5EF6/,18
U+5CEF/,18
U+5C48/,18
U+5857/,18
U+57CB/,18
U+52D8/,18
U+52D5/,18
U+5224/,18
U+4EFB/,18
U+9F8D/,17
U+9957/,17
U+9640/,17
U+93E1/,17
U+9326/,17
U+90AA/,17
U+9000/,17
U+8AE7/,17
U+8AA4/,17
U+8A2A/,17
U+846C/,17
U+7E41/,17
U+7C00/,17
U+77E2/,17
U+767A/,17
U+758E/,17
U+7567/,17
U+753B/,17
U+6E56/,17
U+6C88/,17
U+6A02/,17
U+6843/,17
U+653F/,17
U+6442/,17
U+60F3/,17
U+60DA/,17
U+6028/,17
U+5F66/,17
U+5E7C/,17
U+5C65/,17
U+5410/,17
U+540E/,17
U+5404/,17
U+53EB/,17
U+5352/,17
U+5345/,17
U+4F34/,17
U+4EEE/,17
U+4E73/,17
U+4E58/,17
U+98F2/,16
U+9699/,16
U+9589/,16
U+91DD/,16
U+8FFA/,16
U+86E4/,16
U+86D9/,16
U+7F8A/,16
U+7DDA/,16
U+7C95/,16
U+7B52/,16
U+7B48/,16
U+7AE0/,16
U+7A42/,16
U+7956/,16
U+767C/,16
U+702C/,16
U+6D44/,16
U+6C96/,16
U+694A/,16
U+67FF/,16
U+62E0/,16
U+6284/,16
U+6016/,16
U+5CF6/,16
U+5A6C/,16
U+5883/,16
U+56DE/,16
U+5618/,16
U+52E7/,16
U+514D/,16
U+5118/,16
U+50AC/,16
U+4FC4/,16
U+4EF2/,16
U+9BAE/,15
U+9781/,15
U+9045/,15
U+89A7/,15
U+8853/,15
U+8718/,15
U+862D/,15
U+85AA/,15
U+80F4/,15
U+7FEB/,15
U+7CE0/,15
U+7CDF/,15
U+7CA7/,15
U+7BE9/,15
U+7099/,15
U+6F01/,15
U+6E7F/,15
U+69CB/,15
U+666F/,15
U+65A4/,15
U+616E/,15
U+5F9E/,15
U+5DE7/,15
U+5C90/,15
U+5C4F/,15
U+5BF3/,15
U+5B6B/,15
U+5AC9/,15
U+58A8/,15
U+5713/,15
U+53C3/,15
U+537F/,15
U+51C9/,15
U+4FEE/,15
U+4EE4/,15
U+99C4/,14
U+99B3/,14
U+98FD/,14
U+9808/,14
U+9591/,14
U+9298/,14
U+8CAF/,14
U+8B49/,14
U+8B02/,14
U+8AFA/,14
U+8A2D/,14
U+86FE/,14
U+839E/,14
U+804A/,14
U+7C9F/,14
U+7B39/,14
U+7B0B/,14
U+79AE/,14
U+7981/,14
U+770B/,14
U+76DC/,14
U+72D0/,14
U+7169/,14
U+697C/,14
U+6939/,14
U+689D/,14
U+6804/,14
U+67AF/,14
U+671F/,14
U+65E7/,14
U+6271/,14
U+6182/,14
U+6176/,14
U+5E97/,14
U+5DF2/,14
U+5BE6/,14
U+5B78/,14
U+5951/,14
U+5805/,14
U+57F7/,14
U+56FA/,14
U+53F7/,14
U+536F/,14
U+52FA/,14
U+5036/,14
U+9D89/,13
U+9D2C/,13
U+9C39/,13
U+9B54/,13
U+9B22/,13
U+99D5/,13
U+99C8/,13
U+9818/,13
U+96E2/,13
U+96CC/,13
U+9685/,13
U+9451/,13
U+9244/,13
U+91C8/,13
U+901F/,13
U+8F9E/,13
U+8A8D/,13
U+854E/,13
U+8429/,13
U+83F4/,13
U+82DE/,13
U+7D9A/,13
U+7BA1/,13
U+7ADF/,13
U+7434/,13
U+7384/,13
U+7078/,13
U+6F09/,13
U+6D78/,13
U+6D74/,13
U+6D32/,13
U+6C60/,13
U+6B6F/,13
U+6AFB/,13
U+6578/,13
U+602A/,13
U+5E0C/,13
U+5C31/,13
U+5BDD/,13
U+5B09/,13
U+59D3/,13
U+5962/,13
U+5504/,13
U+53F2/,13
U+5302/,13
U+52DE/,13
U+523A/,13
U+5215/,13
U+4FEF/,13
U+4EF6/,13
U+9D2B/,12
U+975C/,12
U+969B/,12
U+9304/,12
U+9017/,12
U+8ECD/,12
U+8CA2/,12
U+8B77/,12
U+8B6C/,12
U+8B58/,12
U+8A98/,12
U+8A82/,12
U+85E5/,12
U+8457/,12
U+8207/,12
U+81ED/,12
U+7FA4/,12
U+7E21/,12
U+7CDE/,12
U+7C92/,12
U+7C3E/,12
U+7AAE/,12
U+7A1A/,12
U+75B5/,12
U+755D/,12
U+7544/,12
U+7261/,12
U+6D5C/,12
U+67D0/,12
U+675C/,12
U+65CF/,12
U+6590/,12
U+6539/,12
U+63BB/,12
U+62DC/,12
U+62CD/,12
U+6276/,12
U+6190/,12
U+5ED3/,12
U+5E1D/,12
U+5D07/,12
U+5948/,12
U+5897/,12
U+5875/,12
U+5782/,12
U+548E/,12
U+542B/,12
U+4FF5/,12
U+4F2F/,12
U+4F10/,12
U+9F9D/,11
U+9EDE/,11
U+9D08/,11
U+9810/,11
U+9707/,11
U+95A8/,11
U+9192/,11
U+9189/,11
U+914C/,11
U+9119/,11
U+8FF0/,11
U+8F09/,11
U+8CEA/,11
U+8CAA/,11
U+8B7D/,11
U+8A93/,11
U+87BA/,11
U+85FB/,11
U+8557/,11
U+852D/,11
U+84EC/,11
U+834A/,11
U+7FD2/,11
U+7E2B/,11
U+7DD2/,11
U+79D1/,11
U+7965/,11
U+76F2/,11
U+74E2/,11
U+733F/,11
U+72FC/,11
U+71D7/,11
U+6FC1/,11
U+6E2C/,11
U+6E20/,11
U+6CAB/,11
U+6C72/,11
U+67F1/,11
U+673D/,11
U+672D/,11
U+6715/,11
U+6562/,11
U+6328/,11
U+62F6/,11
U+62ED/,11
U+6232/,11
U+617E/,11
U+6170/,11
U+6155/,11
U+6148/,11
U+6089/,11
U+5FEB/,11
U+5FD9/,11
U+5FA9/,11
U+5EAB/,11
U+5DE3/,11
U+5C61/,11
U+5C01/,11
U+5B9D/,11
U+5B22/,11
U+592E/,11
U+58FA/,11
U+58F7/,11
U+5712/,11
U+5609/,11
U+55A7/,11
U+5468/,11
U+53AD/,11
U+51A0/,11
U+4EAB/,11
U+9BE8/,10
U+9AD4/,10
U+9855/,10
U+984D/,10
U+9769/,10
U+970A/,10
U+96EB/,10
U+9091/,10
U+9072/,10
U+9010/,10
U+8E0A/,10
U+8A55/,10
U+88E1/,10
U+88B4/,10
U+87A2/,10
U+86AB/,10
U+85AE/,10
U+8569/,10
U+8463/,10
U+830E/,10
U+8305/,10
U+820D/,10
U+8131/,10
U+8077/,10
U+7E70/,10
U+7E69/,10
U+7E2E/,10
U+7DB1/,10
U+7C7E/,10
U+7BC7/,10
U+7A3D/,10
U+7A00/,10
U+7624/,10
U+75E9/,10
U+7551/,10
U+72B6/,10
U+71ED/,10
U+6EC5/,10
U+6DE8/,10
U+6DE1/,10
U+6C5A/,10
U+6BBC/,10
U+6ADB/,10
U+6842/,10
U+6753/,10
U+66FE/,10
U+66D9/,10
U+660C/,10
U+6589/,10
U+63A8/,10
U+63A2/,10
U+6311/,10
U+62C2/,10
U+628A/,10
U+6241/,10
U+5FDC/,10
U+5EDF/,10
U+5C07/,10
U+5C02/,10
U+5B66/,10
U+5AC1/,10
U+5983/,10
U+5937/,10
U+58F2/,10
U+5629/,10
U+53CD/,10
U+5351/,10
U+5320/,10
U+52D9/,10
U+5243/,10
U+50E5/,10
U+5098/,10
U+5016/,10
U+4E82/,10
U+4E4E/,10
U+9C2D/,9
U+9B93/,9
U+9A19/,9
U+9867/,9
U+9594/,9
U+9322/,9
U+927E/,9
U+9041/,9
U+9006/,9
U+8F3F/,9
U+8EB0/,9
U+8E44/,9
U+8D66/,9
U+8CD1/,9
U+8A3B/,9
U+8A0E/,9
U+87C4/,9
U+85AF/,9
U+82B9/,9
U+8218/,9
U+817F/,9
U+7E4B/,9
U+7CE7/,9
U+79FB/,9
U+7259/,9
U+6EFF/,9
U+6E9C/,9
U+6E4A/,9
U+6D3E/,9
U+6C7A/,9
U+6BCB/,9
U+6A3D/,9
U+68A8/,9
U+68A2/,9
U+67C4/,9
U+6727/,9
U+6714/,9
U+6697/,9
U+65BD/,9
U+61F7/,9
U+609F/,9
U+6012/,9
U+5F83/,9
U+5EFA/,9
U+5D29/,9
U+5C4A/,9
U+5BDF/,9
U+5BA5/,9
U+5B5F/,9
U+5A5A/,9
U+5A01/,9
U+59D1/,9
U+596A/,9
U+58FD/,9
U+58DF/,9
U+57A2/,9
U+5353/,9
U+52AA/,9
U+5230/,9
U+5208/,9
U+51A5/,9
U+50DE/,9
U+4FAD/,9
U+4F76/,9
U+4EA5/,9
U+4E8E/,9
U+9F4B/,8
U+9E81/,8
U+9DC4/,8
U+9C2F/,8
U+9B1F/,8
U+9A37/,8
U+99C5/,8
U+990C/,8
U+983B/,8
U+982C/,8
U+9727/,8
U+971E/,8
U+932B/,8
U+9069/,8
U+9059/,8
U+9042/,8
U+900F/,8
U+8CDC/,8
U+8CB8/,8
U+8B83/,8
U+8ACC/,8
U+8AB2/,8
U+8986/,8
U+88DD/,8
U+88B7/,8
U+8882/,8
U+8766/,8
U+856A/,8
U+8475/,8
U+839A/,8
U+82A6/,8
U+82A5/,8
U+81BD/,8
U+8178/,8
U+8102/,8
U+80C6/,8
U+80A9/,8
U+7FA8/,8
U+7E7B/,8
U+7DF4/,8
U+7DEC/,8
U+7CFA/,8
U+7B95/,8
U+7B1B/,8
U+7A7F/,8
U+7947/,8
U+75BE/,8
U+7560/,8
U+74E6/,8
U+73E0/,8
U+72F8/,8
U+72ED/,8
U+708A/,8
U+6F54/,8
U+6F0F/,8
U+6E3E/,8
U+6DF5/,8
U+6DBC/,8
U+6DAF/,8
U+6D1B/,8
U+6CC1/,8
U+6CBC/,8
U+6C57/,8
U+6A58/,8
U+6A19/,8
U+68EE/,8
U+674E/,8
U+65B7/,8
U+6551/,8
U+652F/,8
U+639F/,8
U+62DD/,8
U+620C/,8
U+6162/,8
U+60A6/,8
U+60A3/,8
U+5E8F/,8
U+5E37/,8
U+5BC5/,8
U+5BB4/,8
U+59BE/,8
U+5996/,8
U+585E/,8
U+585A/,8
U+57D2/,8
U+54ED/,8
U+535C/,8
U+51CC/,8
U+51A8/,8
U+5186/,8
U+50D5/,8
U+50CD/,8
U+5085/,8
U+500D/,8
U+4FA0/,8
U+4F3D/,8
U+4F38/,8
U+4EC7/,8
U+4E11/,8
U+9EBA/,7
U+9D5E/,7
U+9C78/,7
U+9C57/,7
U+9BD6/,7
U+9BA8/,7
U+9B6F/,7
U+9AED/,7
U+9A12/,7
U+984C/,7
U+97FF/,7
U+96A8/,7
U+9688/,7
U+95DC/,7
U+9234/,7
U+91D8/,7
U+90ED/,7
U+904D/,7
U+9003/,7
U+8FF9/,7
U+8F15/,7
U+8E8D/,7
U+8DEA/,7
U+8CC3/,7
U+8CBB/,7
U+8B00/,7
U+8ADA/,7
U+89C0/,7
U+8996/,7
U+88F3/,7
U+8870/,7
U+86DB/,7
U+86A4/,7
U+864E/,7
U+8613/,7
U+85BA/,7
U+8521/,7
U+849C/,7
U+83C5/,7
U+838A/,7
U+82B8/,7
U+8155/,7
U+7F77/,7
U+7E94/,7
U+7E45/,7
U+7E1B/,7
U+7DCB/,7
U+7D17/,7
U+7D10/,7
U+7CC0/,7
U+7CBD/,7
U+7A81/,7
U+7A62/,7
U+7A3F/,7
U+7656/,7
U+7363/,7
U+72E9/,7
U+72AC/,7
U+72A2/,7
U+71E5/,7
U+71C3/,7
U+7126/,7
U+707D/,7
U+6F70/,7
U+6CE8/,7
U+6B96/,7
U+6B0A/,7
U+698E/,7
U+6850/,7
U+683D/,7
U+6816/,7
U+67D1/,7
U+674F/,7
U+6734/,7
U+66C9/,7
U+6666/,7
U+6652/,7
U+6607/,7
U+658E/,7
U+64F2/,7
U+64EC/,7
U+64CD/,7
U+64B2/,7
U+6458/,7
U+633D/,7
U+62D9/,7
U+60A9/,7
U+6075/,7
U+6020/,7
U+5E9C/,7
U+5DE8/,7
U+5CF0/,7
U+5BE1/,7
U+55DC/,7
U+55C5/,7
U+54B3/,7
U+541D/,7
U+5203/,7
U+51B6/,7
U+512A/,7
U+5112/,7
U+507D/,7
U+502D/,7
U+5026/,7
U+4E59/,7
U+9ED8/,6
U+9ECD/,6
U+9EB9/,6
U+9D5C/,6
U+9CF0/,6
U+9C48/,6
U+9BA0/,6
U+98F4/,6
U+98E9/,6
U+9802/,6
U+9759/,6
U+9716/,6
U+970E/,6
U+96F7/,6
U+96DC/,6
U+9599/,6
U+91E1/,6
U+91AB/,6
U+8FE6/,6
U+8FB0/,6
U+8F49/,6
U+8F1D/,6
U+8C8C/,6
U+8C48/,6
U+8B90/,6
U+8AAD/,6
U+8A1B/,6
U+89B3/,6
U+8997/,6
U+887E/,6
U+8857/,6
U+87C7/,6
U+877F/,6
U+85DD/,6
U+85A6/,6
U+8577/,6
U+8549/,6
U+84BF/,6
U+8499/,6
U+847A/,6
U+8431/,6
U+83B1/,6
U+83AB/,6
U+82AD/,6
U+8201/,6
U+81F4/,6
U+80DE/,6
U+80A1/,6
U+8015/,6
U+7FC5/,6
U+7E8C/,6
U+7DBE/,6
U+7D39/,6
U+7C83/,6
U+7BC9/,6
U+7B97/,6
U+7B87/,6
U+7B56/,6
U+7B26/,6
U+7AFF/,6
U+7AFA/,6
U+7AC8/,6
U+7AC3/,6
U+79E6/,6
U+797F/,6
U+795F/,6
U+7814/,6
U+7460/,6
U+72D7/,6
U+71F5/,6
U+7109/,6
U+6F64/,6
U+6F5C/,6
U+6F5B/,6
U+6DF7/,6
U+6CB8/,6
U+6C50/,6
U+6B53/,6
U+6AC3/,6
U+6A80/,6
U+6A59/,6
U+69AE/,6
U+68D2/,6
U+6881/,6
U+67CF/,6
U+66B4/,6
U+666E/,6
U+665D/,6
U+65EC/,6
U+65E8/,6
U+6591/,6
U+6536/,6
U+64AB/,6
U+63B4/,6
U+6367/,6
U+6349/,6
U+62DB/,6
U+6294/,6
U+623E/,6
U+605F/,6
U+5F8B/,6
U+5F82/,6
U+5E83/,6
U+5E7D/,6
U+5DF4/,6
U+5D50/,6
U+5C08/,6
U+5BDB/,6
U+5B8C/,6
U+59E8/,6
U+59D4/,6
U+594F/,6
U+58F9/,6
U+58EC/,6
U+5893/,6
U+5835/,6
U+5824/,6
U+566A/,6
U+5384/,6
U+5360/,6
U+5315/,6
U+52C7/,6
U+5204/,6
U+51C6/,6
U+51C4/,6
U+5078/,6
U+4F9D/,6
U+4F98/,6
U+4F73/,6
U+4F4E/,6
U+9F61/,5
U+9F52/,5
U+9F13/,5
U+9F08/,5
U+9E93/,5
U+9DAF/,5
U+9D59/,5
U+9C0C/,5
U+9BAB/,5
U+9B4F/,5
U+9B31/,5
U+99D2/,5
U+9945/,5
U+9798/,5
U+96DB/,5
U+96D6/,5
U+9320/,5
U+9084/,5
U+907F/,5
U+8FB1/,5
U+8F14/,5
U+8D08/,5
U+8CC7/,5
U+8CBC/,5
U+8CB3/,5
U+8B21/,5
U+8B17/,5
U+8AF7/,5
U+8A89/,5
U+8A66/,5
U+898F/,5
U+890C/,5
U+88FE/,5
U+88F8/,5
U+88DF/,5
U+8888/,5
U+885D/,5
U+8852/,5
U+873B/,5
U+871C/,5
U+8706/,5
U+8702/,5
U+86F8/,5
U+86C9/,5
U+85EA/,5
U+85AB/,5
U+83F1/,5
U+81E8/,5
U+814E/,5
U+8129/,5
U+80AF/,5
U+7DD1/,5
U+7DBA/,5
U+7DB8/,5
U+7D75/,5
U+7D3A/,5
U+7C8B/,5
U+7B92/,5
U+7AC4/,5
U+7A57/,5
U+7A3B/,5
U+77E3/,5
U+76E7/,5
U+7621/,5
U+75F4/,5
U+727D/,5
U+7164/,5
U+70DF/,5
U+7089/,5
U+6FA4/,5
U+6F6E/,5
U+6F45/,5
U+6E8F/,5
U+6DC0/,5
U+6CBD/,5
U+6B74/,5
U+6982/,5
U+695A/,5
U+68D8/,5
U+6897/,5
U+6854/,5
U+6841/,5
U+67D8/,5
U+67B8/,5
U+6775/,5
U+6681/,5
U+656C/,5
U+641C/,5
U+63FA/,5
U+638C/,5
U+6388/,5
U+6258/,5
U+623B/,5
U+6191/,5
U+6173/,5
U+614E/,5
U+614B/,5
U+6059/,5
U+6052/,5
U+5F93/,5
U+5F48/,5
U+5F27/,5
U+5F18/,5
U+5F14/,5
U+5ECA/,5
U+5EC9/,5
U+5E45/,5
U+5E3D/,5
U+5DF3/,5
U+5DEB/,5
U+5D8C/,5
U+5C5E/,5
U+5C4D/,5
U+5C06/,5
U+5BE9/,5
U+5BC2/,5
U+5AE9/,5
U+5A7F/,5
U+5854/,5
U+5711/,5
U+55E3/,5
U+55DA/,5
U+55AB/,5
U+557C/,5
U+555C/,5
U+5446/,5
U+53F6/,5
U+535A/,5
U+533B/,5
U+5323/,5
U+52A3/,5
U+50F9/,5
U+50CF/,5
U+4FCA/,5
U+4FC3/,5
U+4FC2/,5
U+4ECD/,5
U+4E4F/,5
U+4E43/,5
U+4E1E/,5
U+27752/,5
U+9EE8/,4
U+9DFA/,4
U+9D51/,4
U+9CF3/,4
U+9C52/,4
U+9C24/,4
U+9BF7/,4
U+9BCA/,4
U+9B91/,4
U+9B45/,4
U+9B41/,4
U+9A57/,4
U+9A55/,4
U+993B/,4
U+9909/,4
U+978D/,4
U+9761/,4
U+96DE/,4
U+9675/,4
U+9673/,4
U+9663/,4
U+947F/,4
U+9453/,4
U+936C/,4
U+9285/,4
U+9078/,4
U+8EF8/,4
U+8DE8/,4
U+8CD3/,4
U+8CC4/,4
U+8C61/,4
U+8B93/,4
U+8B72/,4
U+8B2B/,4
U+8B1B/,4
U+8B19/,4
U+8A6B/,4
U+8A54/,4
U+8A50/,4
U+8A34/,4
U+89F8/,4
U+895F/,4
U+8956/,4
U+887F/,4
U+87F6/,4
U+8749/,4
U+86A2/,4
U+865E/,4
U+8607/,4
U+8568/,4
U+8526/,4
U+846D/,4
U+83F0/,4
U+83A7/,4
U+8395/,4
U+837B/,4
U+82F1/,4
U+82B3/,4
U+822C/,4
U+821C/,4
U+81CD/,4
U+819A/,4
U+811A/,4
U+8096/,4
U+8073/,4
U+805F/,4
U+803B/,4
U+7FF0/,4
U+7F75/,4
U+7DE9/,4
U+7D1B/,4
U+7CEF/,4
U+7B75/,4
U+7B6D/,4
U+7B65/,4
U+7ACA/,4
U+79E4/,4
U+798D/,4
U+7955/,4
U+78C1/,4
U+78A7/,4
U+77BF/,4
U+7768/,4
U+7766/,4
U+7701/,4
U+76DF/,4
U+76DE/,4
U+75AB/,4
U+758B/,4
U+7573/,4
U+7566/,4
U+751E/,4
U+751C/,4
U+7344/,4
U+7325/,4
U+72F9/,4
U+7262/,4
U+725D/,4
U+7240/,4
U+723E/,4
U+7210/,4
U+71A8/,4
U+7156/,4
U+6FEF/,4
U+6FE1/,4
U+6FDF/,4
U+6F06/,4
U+6F02/,4
U+6E5B/,4
U+6E38/,4
U+6DEB/,4
U+6D29/,4
U+6D1E/,4
U+6D0B/,4
U+6CA1/,4
U+6C93/,4
U+6C92/,4
U+6BBB/,4
U+6B61/,4
U+6B20/,4
U+6A9C/,4
U+6A1F/,4
U+69FF/,4
U+69CC/,4
U+693D/,4
U+6919/,4
U+68F9/,4
U+68DF/,4
U+68D7/,4
U+68C4/,4
U+68AD/,4
U+68A7/,4
U+6893/,4
U+6838/,4
U+682A/,4
U+67F9/,4
U+67D4/,4
U+6777/,4
U+670B/,4
U+66F3/,4
U+660F/,4
U+6572/,4
U+6414/,4
U+633F/,4
U+62D4/,4
U+62AB/,4
U+6293/,4
U+6291/,4
U+6249/,4
U+6212/,4
U+61FA/,4
U+61C7/,4
U+619A/,4
U+613C/,4
U+6101/,4
U+6021/,4
U+5FDD/,4
U+5FAE/,4
U+5F4C/,4
U+5E7F/,4
U+5E16/,4
U+5DBD/,4
U+5DAE/,4
U+5CE8/,4
U+5C51/,4
U+5C3F/,4
U+5BFF/,4
U+5BD3/,4
U+5BA3/,4
U+5A92/,4
U+5872/,4
U+5815/,4
U+56AE/,4
U+56A2/,4
U+5642/,4
U+55B6/,4
U+5553/,4
U+54BD/,4
U+5475/,4
U+543B/,4
U+542E/,4
U+540F/,4
U+540A/,4
U+53D4/,4
U+53C9/,4
U+53B3/,4
U+5378/,4
U+52C5/,4
U+5294/,4
U+525B/,4
U+524A/,4
U+5217/,4
U+51E0/,4
U+51DD/,4
U+5109/,4
U+50C5/,4
U+50B7/,4
U+5076/,4
U+502B/,4
U+4FAF/,4
U+4EDD/,4
U+4ED4/,4
U+4EC0/,4
U+4E89/,4
U+9F9C/,3
U+9F3E/,3
U+9EE0/,3
U+9EBF/,3
U+9EB5/,3
U+9EAA/,3
U+9DD7/,3
U+9D72/,3
U+9CF6/,3
U+9C72/,3
U+9C67/,3
U+9C47/,3
U+9C36/,3
U+9C0A/,3
U+9C06/,3
U+9BF0/,3
U+9BD4/,3
U+9BA7/,3
U+9B9F/,3
U+9AFB/,3
U+9A28/,3
U+9928/,3
U+991D/,3
U+9913/,3
U+9817/,3
U+9785/,3
U+9742/,3
U+9739/,3
U+9730/,3
U+9700/,3
U+96F6/,3
U+9682/,3
U+966A/,3
U+95D5/,3
U+95A3/,3
U+9396/,3
U+935B/,3
U+92F8/,3
U+9264/,3
U+925B/,3
U+920D/,3
U+91CB/,3
U+91C7/,3
U+919C/,3
U+9178/,3
U+9177/,3
U+907D/,3
U+9047/,3
U+9038/,3
U+900D/,3
U+8F2F/,3
U+8F1B/,3
U+8F03/,3
U+8EBE/,3
U+8D99/,3
U+8D16/,3
U+8D14/,3
U+8CFD/,3
U+8CE6/,3
U+8AF1/,3
U+8A17/,3
U+88C2/,3
U+88B1/,3
U+889E/,3
U+87FE/,3
U+87F7/,3
U+87BB/,3
U+8782/,3
U+8711/,3
U+8700/,3
U+86F9/,3
U+86EE/,3
U+86CE/,3
U+86C4/,3
U+8679/,3
U+863F/,3
U+860B/,3
U+8500/,3
U+84FC/,3
U+844E/,3
U+840D/,3
U+83D6/,3
U+83B5/,3
U+8328/,3
U+82DF/,3
U+82D1/,3
U+8292/,3
U+8271/,3
U+8205/,3
U+81D8/,3
U+81A0/,3
U+816B/,3
U+8165/,3
U+813E/,3
U+80E4/,3
U+80CE/,3
U+80C3/,3
U+8086/,3
U+8074/,3
U+8058/,3
U+8010/,3
U+8006/,3
U+7FE0/,3
U+7FB9/,3
U+7FAE/,3
U+7F94/,3
U+7F78/,3
U+7F70/,3
U+7F3A/,3
U+7E8F/,3
U+7E7C/,3
U+7E37/,3
U+7E26/,3
U+7DFB/,3
U+7D99/,3
U+7D71/,3
U+7D68/,3
U+7D5E/,3
U+7D35/,3
U+7CFB/,3
U+7CDD/,3
U+7CCA/,3
U+7C98/,3
U+7C97/,3
U+7C43/,3
U+7C3F/,3
U+7BE0/,3
U+7BC4/,3
U+7B94/,3
U+7B6C/,3
U+7AD2/,3
U+7AA9/,3
U+7A37/,3
U+7A1C/,3
U+79E9/,3
U+79E1/,3
U+79A6/,3
U+7985/,3
U+792B/,3
U+7893/,3
U+788E/,3
U+7881/,3
U+7815/,3
U+7761/,3
U+76E5/,3
U+76BA/,3
U+76B7/,3
U+7669/,3
U+75B1/,3
U+752B/,3
U+7511/,3
U+745E/,3
U+7372/,3
U+7329/,3
U+731C/,3
U+731B/,3
U+7248/,3
U+723C/,3
U+71BE/,3
U+70C8/,3
U+70AE/,3
U+7009/,3
U+6FEB/,3
U+6F2B/,3
U+6F15/,3
U+6F14/,3
U+6EF4/,3
U+6ED1/,3
U+6EBA/,3
U+6E9D/,3
U+6E0B/,3
U+6E09/,3
U+6DF3/,3
U+6D95/,3
U+6D12/,3
U+6CF0/,3
U+6C40/,3
U+6BEC/,3
U+6BBD/,3
U+6B3A/,3
U+6B1D/,3
U+6A47/,3
U+6A29/,3
U+693F/,3
U+68FA/,3
U+68E0/,3
U+68B5/,3
U+68B0/,3
U+6894/,3
U+67B6/,3
U+67B4/,3
U+67A1/,3
U+6787/,3
U+6773/,3
U+675E/,3
U+6750/,3
U+673A/,3
U+6717/,3
U+664B/,3
U+6627/,3
U+65E0/,3
U+65D7/,3
U+65C1/,3
U+6566/,3
U+64E7/,3
U+64A5/,3
U+6483/,3
U+6478/,3
U+6467/,3
U+643A/,3
U+63EE/,3
U+6319/,3
U+6280/,3
U+6230/,3
U+620A/,3
U+61A4/,3
U+60DF/,3
U+60B6/,3
U+6070/,3
U+605A/,3
U+602F/,3
U+5FFF/,3
U+5F81/,3
U+5F3E/,3
U+5EFC/,3
U+5EF3/,3
U+5EB6/,3
U+5E87/,3
U+5E7B/,3
U+5E63/,3
U+5E55/,3
U+5E1B/,3
U+5E0B/,3
U+5DE1/,3
U+5DBA/,3
U+5D6F/,3
U+5C60/,3
U+5C55/,3
U+5C53/,3
U+5C2D/,3
U+5C0E/,3
U+5BF5/,3
U+5BD4/,3
U+5B54/,3
U+5ABD/,3
U+5A9A/,3
U+5A62/,3
U+5A3C/,3
U+5A36/,3
U+5A25/,3
U+5A23/,3
U+59E6/,3
U+598A/,3
U+5984/,3
U+5978/,3
U+5955/,3
U+5954/,3
U+5925/,3
U+57FA/,3
U+57DF/,3
U+57C3/,3
U+5761/,3
U+56E3/,3
U+56C0/,3
U+56B4/,3
U+5638/,3
U+5608/,3
U+5589/,3
U+5544/,3
U+5492/,3
U+546A/,3
U+545F/,3
U+543C/,3
U+53E2/,3
U+53E1/,3
U+53CC/,3
U+53A8/,3
U+5371/,3
U+5366/,3
U+5358/,3
U+5339/,3
U+52C3/,3
U+52B1/,3
U+52AB/,3
U+5265/,3
U+5263/,3
U+5145/,3
U+5065/,3
U+504F/,3
U+5029/,3
U+5023/,3
U+4FAE/,3
U+4F3A/,3
U+4EC2/,3
U+4E18/,3
U+FA5C/,2
U+FA38/,2
U+FA1D/,2
U+9F2B/,2
U+9F0E/,2
U+9F07/,2
U+9EDB/,2
U+9EA9/,2
U+9DEF/,2
U+9DE6/,2
U+9D86/,2
U+9D50/,2
U+9CEB/,2
U+9C6A/,2
U+9C4F/,2
U+9C3B/,2
U+9C29/,2
U+9C23/,2
U+9C10/,2
U+9C08/,2
U+9BF5/,2
U+9BD2/,2
U+9BD1/,2
U+9BAA/,2
U+9B58/,2
U+9AD9/,2
U+9AB8/,2
U+9A13/,2
U+99ED/,2
U+99DF/,2
U+99D0/,2
U+9958/,2
U+9952/,2
U+9949/,2
U+9942/,2
U+9940/,2
U+9921/,2
U+98DC/,2
U+98AF/,2
U+985B/,2
U+983D/,2
U+97EE/,2
U+97A0/,2
U+978B/,2
U+9786/,2
U+976D/,2
U+9768/,2
U+96FB/,2
U+96F9/,2
U+9677/,2
U+9676/,2
U+9665/,2
U+964B/,2
U+95E2/,2
U+95CD/,2
U+95A4/,2
U+958F/,2
U+9475/,2
U+9470/,2
U+93CA/,2
U+93B0/,2
U+93AE/,2
U+93AD/,2
U+9354/,2
U+9295/,2
U+9266/,2
U+9237/,2
U+9214/,2
U+91AF/,2
U+91AA/,2
U+91A2/,2
U+9190/,2
U+918D/,2
U+9174/,2
U+90C1/,2
U+9077/,2
U+9065/,2
U+901D/,2
U+9013/,2
U+8FEB/,2
U+8FA8/,2
U+8F5F/,2
U+8E81/,2
U+8E74/,2
U+8E4A/,2
U+8E30/,2
U+8DCB/,2
U+8D6B/,2
U+8D05/,2
U+8CA9/,2
U+8CA8/,2
U+8C5A/,2
U+8B9A/,2
U+8B92/,2
U+8B8A/,2
U+8B5A/,2
U+8B4F/,2
U+8B1D/,2
U+8AED/,2
U+8ACF/,2
U+8AB9/,2
U+8A95/,2
U+8A8C/,2
U+8A87/,2
U+8A23/,2
U+89DC/,2
U+8944/,2
U+8925/,2
U+8910/,2
U+88F9/,2
U+88DC/,2
U+88D9/,2
U+88C5/,2
U+88C1/,2
U+8881/,2
U+8862/,2
U+883B/,2
U+8821/,2
U+881C/,2
U+8805/,2
U+87E0/,2
U+87D2/,2
U+87C6/,2
U+874B/,2
U+8703/,2
U+86EF/,2
U+86DF/,2
U+86AF/,2
U+8693/,2
U+867B/,2
U+8671/,2
U+865F/,2
U+8602/,2
U+85CD/,2
U+8597/,2
U+8562/,2
U+8543/,2
U+8540/,2
U+851E/,2
U+84BC/,2
U+84BB/,2
U+84A1/,2
U+849F/,2
U+8466/,2
U+8438/,2
U+8420/,2
U+840C/,2
U+83EB/,2
U+83D8/,2
U+83D4/,2
U+8347/,2
U+8331/,2
U+8318/,2
U+8317/,2
U+82E3/,2
U+82E1/,2
U+828D/,2
U+8258/,2
U+8202/,2
U+81C9/,2
U+816E/,2
U+8168/,2
U+8166/,2
U+814B/,2
U+8133/,2
U+80EF/,2
U+80DD/,2
U+809A/,2
U+805A/,2
U+803D/,2
U+7F88/,2
U+7E92/,2
U+7E5E/,2
U+7E46/,2
U+7E3E/,2
U+7E3A/,2
U+7E1E/,2
U+7E0A/,2
U+7DC7/,2
U+7DA2/,2
U+7D6E/,2
U+7D45/,2
U+7D2F/,2
U+7D21/,2
U+7D02/,2
U+7CD5/,2
U+7CB3/,2
U+7CAE/,2
U+7C4D/,2
U+7C11/,2
U+7C0D/,2
U+7BAD/,2
U+7AF6/,2
U+7AC5/,2
U+7ABB/,2
U+7AB6/,2
U+7A20/,2
U+7A17/,2
U+79EC/,2
U+79BD/,2
U+798A/,2
U+7984/,2
U+7960/,2
U+7957/,2
U+7953/,2
U+7912/,2
U+78D0/,2
U+7825/,2
U+777E/,2
U+773A/,2
U+76D6/,2
U+76D2/,2
U+7684/,2
U+7642/,2
U+761F/,2
U+75D8/,2
U+75B3/,2
U+75B2/,2
U+7578/,2
U+756B/,2
U+7554/,2
U+74E0/,2
U+74CF/,2
U+74BD/,2
U+74B0/,2
U+74A7/,2
U+7483/,2
U+7409/,2
U+73B2/,2
U+7378/,2
U+7375/,2
U+7328/,2
U+72AF/,2
U+72A0/,2
U+7267/,2
U+7239/,2
U+722D/,2
U+7119/,2
U+7114/,2
U+70F9/,2
U+70D9/,2
U+70B3/,2
U+708E/,2
U+6FD5/,2
U+6FB3/,2
U+6F3F/,2
U+6F23/,2
U+6EC4/,2
U+6E13/,2
U+6E07/,2
U+6DF9/,2
U+6DBF/,2
U+6D85/,2
U+6CF3/,2
U+6CE1/,2
U+6C83/,2
U+6C08/,2
U+6BDF/,2
U+6BC6/,2
U+6AC2/,2
U+6A90/,2
U+6A8E/,2
U+6A61/,2
U+6A12/,2
U+69CD/,2
U+69C3/,2
U+69BE/,2
U+69B4/,2
U+696B/,2
U+6953/,2
U+690B/,2
U+6905/,2
U+68F2/,2
U+68BC/,2
U+68AF/,2
U+689F/,2
U+6874/,2
U+6867/,2
U+67FE/,2
U+67FB/,2
U+67E9/,2
U+67CA/,2
U+677C/,2
U+66F9/,2
U+66E0/,2
U+66DD/,2
U+66A6/,2
U+6676/,2
U+6668/,2
U+665E/,2
U+662D/,2
U+6548/,2
U+64C2/,2
U+649E/,2
U+6416/,2
U+63E1/,2
U+63A9/,2
U+63A0/,2
U+6398/,2
U+6392/,2
U+6389/,2
U+633E/,2
U+62F3/,2
U+62D7/,2
U+62D2/,2
U+62CC/,2
U+629B/,2
U+626E/,2
U+6248/,2
U+6226/,2
U+6208/,2
U+61F2/,2
U+61B6/,2
U+614C/,2
U+6127/,2
U+60F1/,2
U+60A7/,2
U+6096/,2
U+6092/,2
U+608C/,2
U+6063/,2
U+601C/,2
U+6015/,2
U+5FB9/,2
U+5FA8/,2
U+5F91/,2
U+5F90/,2
U+5F70/,2
U+5F69/,2
U+5F59/,2
U+5F11/,2
U+5EE2/,2
U+5EC3/,2
U+5E9A/,2
U+5E06/,2
U+5DE2/,2
U+5D69/,2
U+5D11/,2
U+5C6F/,2
U+5C40/,2
U+5C16/,2
U+5C04/,2
U+5BB0/,2
U+5BA6/,2
U+5B8B/,2
U+5B64/,2
U+5B51/,2
U+5B40/,2
U+5AD7/,2
U+5A9B/,2
U+5A35/,2
U+5A2F/,2
U+5960/,2
U+593E/,2
U+5919/,2
U+58FC/,2
U+58C7/,2
U+58AE/,2
U+584A/,2
U+5840/,2
U+582F/,2
U+572D/,2
U+570D/,2
U+56C3/,2
U+56C2/,2
U+5640/,2
U+5617/,2
U+55AA/,2
U+55A9/,2
U+5557/,2
U+5507/,2
U+54FD/,2
U+54F2/,2
U+54B8/,2
U+54A8/,2
U+5480/,2
U+5403/,2
U+53A0/,2
U+531C/,2
U+5289/,2
U+5287/,2
U+5275/,2
U+526F/,2
U+526A/,2
U+5211/,2
U+51CD/,2
U+51CB/,2
U+5199/,2
U+518C/,2
U+5178/,2
U+5147/,2
U+5146/,2
U+5121/,2
U+50FB/,2
U+50F5/,2
U+50C9/,2
U+509A/,2
U+5080/,2
U+505C/,2
U+5056/,2
U+5018/,2
U+4FF8/,2
U+4FE4/,2
U+4FDF/,2
U+4FCE/,2
U+4F75/,2
U+4F0D/,2
U+4E4D/,2
U+4E19/,2
U+24FA3/,2
U+241C6/,2
U+FA4A/,1
U+FA45/,1
U+9F6C/,1
U+9F62/,1
U+9F5F/,1
U+9F4A/,1
U+9F3A/,1
U+9F34/,1
U+9F2C/,1
U+9EFD/,1
U+9ED0/,1
U+9ECE/,1
U+9EB4/,1
U+9E9F/,1
U+9E9D/,1
U+9E95/,1
U+9E8C/,1
U+9E8B/,1
U+9E88/,1
U+9E7D/,1
U+9E75/,1
U+9E1E/,1
U+9E0A/,1
U+9DF2/,1
U+9DC9/,1
U+9DC3/,1
U+9DC2/,1
U+9DBA/,1
U+9DAB/,1
U+9D7A/,1
U+9D5D/,1
U+9D3D/,1
U+9D1E/,1
U+9D12/,1
U+9C7A/,1
U+9C76/,1
U+9C6E/,1
U+9C63/,1
U+9C5A/,1
U+9C4A/,1
U+9C46/,1
U+9C45/,1
U+9C41/,1
U+9C3E/,1
U+9C3A/,1
U+9C25/,1
U+9C15/,1
U+9C14/,1
U+9C12/,1
U+9BF2/,1
U+9BEF/,1
U+9BCE/,1
U+9BB2/,1
U+9BAC/,1
U+9BA6/,1
U+9BA5/,1
U+9B97/,1
U+9B87/,1
U+9B85/,1
U+9B73/,1
U+9B66/,1
U+9B5F/,1
U+9B51/,1
U+9B44/,1
U+9B3B/,1
U+9B2E/,1
U+9B2A/,1
U+9B29/,1
U+9B1B/,1
U+9B1A/,1
U+9B18/,1
U+9B12/,1
U+9B0C/,1
U+9AF7/,1
U+9AEF/,1
U+9AE9/,1
U+9AC4/,1
U+9A6B/,1
U+9A62/,1
U+9A45/,1
U+9A2B/,1
U+99DD/,1
U+99C6/,1
U+99A8/,1
U+9951/,1
U+9932/,1
U+992C/,1
U+9910/,1
U+9903/,1
U+98FE/,1
U+98AD/,1
U+9871/,1
U+9870/,1
U+9859/,1
U+984B/,1
U+9837/,1
U+9834/,1
U+9830/,1
U+9821/,1
U+9811/,1
U+980C/,1
U+9805/,1
U+97FB/,1
U+97ED/,1
U+97C3/,1
U+977C/,1
U+976A/,1
U+9756/,1
U+974D/,1
U+973D/,1
U+9724/,1
U+96D9/,1
U+96D5/,1
U+96C7/,1
U+96BB/,1
U+9698/,1
U+968B/,1
U+9686/,1
U+967A/,1
U+964C/,1
U+95D6/,1
U+95CC/,1
U+95BC/,1
U+95BB/,1
U+9444/,1
U+9435/,1
U+942B/,1
U+9410/,1
U+9403/,1
U+93E5/,1
U+93E4/,1
U+939A/,1
U+9394/,1
U+937E/,1
U+937C/,1
U+936E/,1
U+932C/,1
U+9310/,1
U+9306/,1
U+92E4/,1
U+9283/,1
U+920E/,1
U+91FF/,1
U+91F5/,1
U+91C4/,1
U+91BF/,1
U+91B4/,1
U+916C/,1
U+9169/,1
U+9156/,1
U+9149/,1
U+9132/,1
U+90DB/,1
U+90CA/,1
U+90AF/,1
U+90A6/,1
U+9089/,1
U+9082/,1
U+906D/,1
U+903C/,1
U+901E/,1
U+9005/,1
U+8FE9/,1
U+8FC2/,1
U+8F9F/,1
U+8F9C/,1
U+8F4D/,1
U+8EC6/,1
U+8EAF/,1
U+8EAC/,1
U+8EA1/,1
U+8E8A/,1
U+8E87/,1
U+8E64/,1
U+8E48/,1
U+8E47/,1
U+8E2A/,1
U+8E1E/,1
U+8E1D/,1
U+8E06/,1
U+8DFC/,1
U+8DF3/,1
U+8DDF/,1
U+8DD6/,1
U+8DCF/,1
U+8DCC/,1
U+8D85/,1
U+8D74/,1
U+8D67/,1
U+8D0F/,1
U+8D04/,1
U+8CFA/,1
U+8CED/,1
U+8CDB/,1
U+8CC8/,1
U+8CBF/,1
U+8CB6/,1
U+8C7A/,1
U+8C55/,1
U+8C4C/,1
U+8C49/,1
U+8C3F/,1
U+8B5C/,1
U+8B20/,1
U+8B0E/,1
U+8AEB/,1
U+8ADB/,1
U+8AA8/,1
U+8AA6/,1
U+8A91/,1
U+8A85/,1
U+8A5B/,1
U+8A25/,1
U+8A1D/,1
U+8A02/,1
U+89E7/,1
U+89E6/,1
U+8972/,1
U+894C/,1
U+8941/,1
U+8913/,1
U+8912/,1
U+8901/,1
U+88D8/,1
U+88D4/,1
U+888D/,1
U+887D/,1
U+8872/,1
U+8831/,1
U+882E/,1
U+8822/,1
U+8803/,1
U+87F2/,1
U+87DF/,1
U+87DB/,1
U+87CB/,1
U+87C0/,1
U+87AB/,1
U+8796/,1
U+878D/,1
U+8789/,1
U+8787/,1
U+8778/,1
U+8774/,1
U+876E/,1
U+8764/,1
U+8760/,1
U+8759/,1
U+8757/,1
U+8755/,1
U+8753/,1
U+874E/,1
U+873E/,1
U+8734/,1
U+8729/,1
U+8725/,1
U+8710/,1
U+870D/,1
U+870A/,1
U+8708/,1
U+86DE/,1
U+86CD/,1
U+86C1/,1
U+86BA/,1
U+86B8/,1
U+86B6/,1
U+86A3/,1
U+863C/,1
U+8630/,1
U+8629/,1
U+8621/,1
U+8618/,1
U+85FF/,1
U+85FA/,1
U+85F7/,1
U+85DC/,1
U+85D0/,1
U+85B9/,1
U+85B7/,1
U+85A8/,1
U+859C/,1
U+8594/,1
U+8591/,1
U+858F/,1
U+858A/,1
U+8581/,1
U+857A/,1
U+8563/,1
U+8515/,1
U+8514/,1
U+8513/,1
U+84F4/,1
U+84D9/,1
U+84CD/,1
U+84C9/,1
U+8476/,1
U+8461/,1
U+845C/,1
U+8413/,1
U+840A/,1
U+8404/,1
U+83FD/,1
U+83EA/,1
U+83DF/,1
U+83DD/,1
U+83CC/,1
U+83C1/,1
U+83BE/,1
U+83A8/,1
U+839F/,1
U+8396/,1
U+838E/,1
U+8385/,1
U+837C/,1
U+833C/,1
U+8339/,1
U+8334/,1
U+831C/,1
U+8303/,1
U+82F5/,1
U+82EB/,1
U+82EA/,1
U+82E7/,1
U+82D3/,1
U+8299/,1
U+827E/,1
U+826A/,1
U+8236/,1
U+822A/,1
U+821B/,1
U+8216/,1
U+81D1/,1
U+81C8/,1
U+81C6/,1
U+81C2/,1
U+8182/,1
U+812F/,1
U+8123/,1
U+811B/,1
U+810A/,1
U+80FC/,1
U+80B1/,1
U+8098/,1
U+8062/,1
U+8061/,1
U+8018/,1
U+8012/,1
U+8004/,1
U+7FE1/,1
U+7FD4/,1
U+7F9E/,1
U+7F9A/,1
U+7F79/,1
U+7F60/,1
U+7F5F/,1
U+7F54/,1
U+7F4C/,1
U+7E61/,1
U+7E55/,1
U+7E4D/,1
U+7E4A/,1
U+7E3D/,1
U+7E3B/,1
U+7E35/,1
U+7E11/,1
U+7DE1/,1
U+7DAD/,1
U+7D46/,1
U+7D43/,1
U+7D2C/,1
U+7D22/,1
U+7CF6/,1
U+7CDC/,1
U+7CC4/,1
U+7CB9/,1
U+7CB2/,1
U+7C82/,1
U+7C6C/,1
U+7C69/,1
U+7C5F/,1
U+7C54/,1
U+7C4F/,1
U+7C46/,1
U+7C1F/,1
U+7C17/,1
U+7C12/,1
U+7BFC/,1
U+7BF7/,1
U+7BE6/,1
U+7BD7/,1
U+7BC6/,1
U+7BAA/,1
U+7B8F/,1
U+7B72/,1
U+7B67/,1
U+7B50/,1
U+7B4F/,1
U+7B4D/,1
U+7B25/,1
U+7B19/,1
U+7B18/,1
U+7B06/,1
U+7AEA/,1
U+7A9F/,1
U+7A97/,1
U+7A95/,1
U+7A88/,1
U+7A76/,1
U+7A6A/,1
U+7A4F/,1
U+7A3E/,1
U+7A3C/,1
U+7A31/,1
U+7A0D/,1
U+79E7/,1
U+79E3/,1
U+79B1/,1
U+79B0/,1
U+7977/,1
U+7962/,1
U+795A/,1
U+7950/,1
U+793A/,1
U+7919/,1
U+78FD/,1
U+78E4/,1
U+7891/,1
U+786B/,1
U+783A/,1
U+7832/,1
U+7827/,1
U+77E9/,1
U+77DB/,1
U+77DA/,1
U+77BC/,1
U+77BB/,1
U+77AC/,1
U+7763/,1
U+7762/,1
U+775C/,1
U+775A/,1
U+7738/,1
U+7737/,1
U+7724/,1
U+771B/,1
U+76B9/,1
U+7682/,1
U+7678/,1
U+7652/,1
U+7630/,1
U+7627/,1
U+75FF/,1
U+75F0/,1
U+75E2/,1
U+75DE/,1
U+75B9/,1
U+75A3/,1
U+755A/,1
U+7552/,1
U+7515/,1
U+7500/,1
U+74EE/,1
U+74CA/,1
U+746A/,1
U+745A/,1
U+7459/,1
U+7433/,1
U+7422/,1
U+7403/,1
U+73ED/,1
U+73CA/,1
U+7396/,1
U+7387/,1
U+737B/,1
U+737A/,1
U+736C/,1
U+734F/,1
U+7334/,1
U+731F/,1
U+72DB/,1
U+72CE/,1
U+72C4/,1
U+7280/,1
U+7279/,1
U+7252/,1
U+724C/,1
U+7246/,1
U+723D/,1
U+7235/,1
U+722C/,1
U+721B/,1
U+7208/,1
U+71FF/,1
U+71E7/,1
U+71DF/,1
U+7187/,1
U+717B/,1
U+716C/,1
U+7165/,1
U+7149/,1
U+70AC/,1
U+7058/,1
U+7030/,1
U+6FF5/,1
U+6FC2/,1
U+6FA1/,1
U+6F84/,1
U+6F78/,1
U+6F6F/,1
U+6F66/,1
U+6F5F/,1
U+6F3B/,1
U+6F32/,1
U+6EF8/,1
U+6ED3/,1
U+6EA2/,1
U+6E7E/,1
U+6E67/,1
U+6E24/,1
U+6E23/,1
U+6DB8/,1
U+6DB2/,1
U+6D2A/,1
U+6CD4/,1
U+6CC4/,1
U+6C7E/,1
U+6BEB/,1
U+6BD8/,1
U+6BC0/,1
U+6BAF/,1
U+6B9E/,1
U+6B47/,1
U+6B3D/,1
U+6B2C/,1
U+6B27/,1
U+6AE8/,1
U+6ADA/,1
U+6AD3/,1
U+6ABB/,1
U+6A97/,1
U+6A8B/,1
U+6A66/,1
U+6A14/,1
U+6A13/,1
U+6A0B/,1
U+69F9/,1
U+69EA/,1
U+69D9/,1
U+69D6/,1
U+69CE/,1
U+69C7/,1
U+69C1/,1
U+69BF/,1
U+69AA/,1
U+699B/,1
U+6995/,1
U+6991/,1
U+698A/,1
U+6974/,1
U+696F/,1
U+6961/,1
U+6960/,1
U+695C/,1
U+6959/,1
U+6951/,1
U+691C/,1
U+68E7/,1
U+68D0/,1
U+68CD/,1
U+68C9/,1
U+68B6/,1
U+68B3/,1
U+6853/,1
U+6840/,1
U+6822/,1
U+6821/,1
U+681D/,1
U+6803/,1
U+6801/,1
U+67E4/,1
U+67B7/,1
U+67B2/,1
U+67A9/,1
U+678B/,1
U+6772/,1
U+676D/,1
U+6762/,1
U+6760/,1
U+6759/,1
U+672E/,1
U+6726/,1
U+66FC/,1
U+66DC/,1
U+66B9/,1
U+6684/,1
U+6634/,1
U+6620/,1
U+6602/,1
U+65AC/,1
U+65A7/,1
U+659F/,1
U+659C/,1
U+659B/,1
U+6583/,1
U+6574/,1
U+655D/,1
U+6556/,1
U+6537/,1
U+652C/,1
U+6518/,1
U+64E1/,1
U+64DA/,1
U+64D2/,1
U+64AE/,1
U+6492/,1
U+6460/,1
U+640F/,1
U+63F4/,1
U+63E9/,1
U+63DB/,1
U+63CF/,1
U+63BE/,1
U+63B2/,1
U+63AC/,1
U+637B/,1
U+634F/,1
U+633A/,1
U+632B/,1
U+631F/,1
U+630C/,1
U+62FF/,1
U+62EC/,1
U+62D8/,1
U+62D3/,1
U+62D0/,1
U+62CA/,1
U+62C7/,1
U+62C5/,1
U+62BD/,1
U+62B5/,1
U+6279/,1
U+6255/,1
U+6236/,1
U+621F/,1
U+621D/,1
U+621B/,1
U+620E/,1
U+61F6/,1
U+61C8/,1
U+6196/,1
U+6187/,1
U+6168/,1
U+6167/,1
U+6165/,1
U+615D/,1
U+6159/,1
U+610D/,1
U+6108/,1
U+60FB/,1
U+60FA/,1
U+60F0/,1
U+60C6/,1
U+60B5/,1
U+608B/,1
U+606D/,1
U+6060/,1
U+6056/,1
U+604D/,1
U+5FA0/,1
U+5F98/,1
U+5F8A/,1
U+5F73/,1
U+5F6B/,1
U+5F17/,1
U+5F09/,1
U+5EF7/,1
U+5EF1/,1
U+5EE9/,1
U+5EC8/,1
U+5EB8/,1
U+5EB7/,1
U+5E62/,1
U+5E5F/,1
U+5E25/,1
U+5DF7/,1
U+5DD6/,1
U+5DCC/,1
U+5D19/,1
U+5D16/,1
U+5D14/,1
U+5CFD/,1
U+5CE0/,1
U+5CB3/,1
U+5CA8/,1
U+5C69/,1
U+5C50/,1
U+5C4E/,1
U+5C41/,1
U+5C28/,1
U+5C09/,1
U+5C05/,1
U+5BE8/,1
U+5BE7/,1
U+5BE4/,1
U+5BC7/,1
U+5BB8/,1
U+5B99/,1
U+5B95/,1
U+5B70/,1
U+5B5C/,1
U+5B41/,1
U+5B36/,1
U+5B32/,1
U+5B30/,1
U+5B0B/,1
U+5AF0/,1
U+5AE1/,1
U+5AB3/,1
U+5AB1/,1
U+5A1F/,1
U+5A11/,1
U+59EA/,1
U+59DA/,1
U+59CA/,1
U+59A8/,1
U+59A3/,1
U+596E/,1
U+595A/,1
U+58F3/,1
U+58EF/,1
U+58EE/,1
U+58DC/,1
U+58D2/,1
U+58CC/,1
U+58BE/,1
U+5852/,1
U+5830/,1
U+57F5/,1
U+57DC/,1
U+57D3/,1
U+5751/,1
U+574F/,1
U+5747/,1
U+56C9/,1
U+566C/,1
U+5632/,1
U+562F/,1
U+55FD/,1
U+55DF/,1
U+55D4/,1
U+55C7/,1
U+559F/,1
U+559E/,1
U+559D/,1
U+5598/,1
U+558B/,1
U+5583/,1
U+557B/,1
U+5516/,1
U+54E2/,1
U+54E1/,1
U+54AB/,1
U+54A5/,1
U+5436/,1
U+53DF/,1
U+53DB/,1
U+53D9/,1
U+53CE/,1
U+5398/,1
U+5354/,1
U+5319/,1
U+52FE/,1
U+52F8/,1
U+52E6/,1
U+52DF/,1
U+52C9/,1
U+5271/,1
U+5269/,1
U+5256/,1
U+524B/,1
U+5239/,1
U+522A/,1
U+520A/,1
U+51F9/,1
U+51B4/,1
U+516A/,1
U+515C/,1
U+514C/,1
U+514B/,1
U+514A/,1
U+5141/,1
U+5104/,1
U+50B5/,1
U+5048/,1
U+501A/,1
U+5011/,1
U+4FB2/,1
U+4F69/,1
U+4F47/,1
U+4EED/,1
U+4EAE/,1
U+4EA8/,1
U+4E99/,1
U+4E98/,1
U+4E42/,1
U+4E17/,1
U+4C99/,1
U+4C61/,1
U+4572/,1
U+4543/,1
U+4093/,1
U+29E75/,1
U+29DDA/,1
U+29780/,1
U+25DA1/,1
